Workbook

Sheet categories
A1: category_id | B1: name
A2: 2 | B2: Armor
A3: 5 | B3: Books
A4: 7 | B4: Food
A5: 4 | B5: Ingredients
A6: 9 | B6: Jewelry
A7: 8 | B7: Misc
A8: 3 | B8: Potions
A9: 6 | B9: Scrolls
A10: 10 | B10: Tools
A11: 1 | B11: Weapons

Sheet characters
A1: character_id | B1: name | C1: race | D1: faction | E1: name_check | F1: characters_id_check
A2: 1 | B2: Aela the Huntress | C2: Nord | D2: Companions | E2: =IF(ISBLANK(rng_characters[[#This Row],[name]]),"MISSING","OK") -> OK | F2: =IF(COUNTIF($A$2:$A$61,A2)>1,"DUPLICATE","OK") -> OK
A3: 2 | B3: Farkas | C3: Nord | D3: Companions | E3: =IF(ISBLANK(rng_characters[[#This Row],[name]]),"MISSING","OK") -> OK | F3: =IF(COUNTIF($A$2:$A$61,A3)>1,"DUPLICATE","OK") -> OK
A4: 3 | B4: Vilkas | C4: Nord | D4: Companions | E4: =IF(ISBLANK(rng_characters[[#This Row],[name]]),"MISSING","OK") -> OK | F4: =IF(COUNTIF($A$2:$A$61,A4)>1,"DUPLICATE","OK") -> OK
A5: 4 | B5: Bogdan | C5: Imperial | D5: Merchant | E5: =IF(ISBLANK(rng_characters[[#This Row],[name]]),"MISSING","OK") -> OK | F5: =IF(COUNTIF($A$2:$A$61,A5)>1,"DUPLICATE","OK") -> OK
A6: 5 | B6: Farengar | C6: Nord | D6: Court Mage | E6: =IF(ISBLANK(rng_characters[[#This Row],[name]]),"MISSING","OK") -> OK | F6: =IF(COUNTIF($A$2:$A$61,A6)>1,"DUPLICATE","OK") -> OK
A7: 6 | B7: Adrianne Avenicci | C7: Imperial | D7: Blacksmith | E7: =IF(ISBLANK(rng_characters[[#This Row],[name]]),"MISSING","OK") -> OK | F7: =IF(COUNTIF($A$2:$A$61,A7)>1,"DUPLICATE","OK") -> OK
A8: 7 | B8: Olava the Feeble | C8: Nord | D8: Civilian | E8: =IF(ISBLANK(rng_characters[[#This Row],[name]]),"MISSING","OK") -> OK | F8: =IF(COUNTIF($A$2:$A$61,A8)>1,"DUPLICATE","OK") -> OK
A9: 8 | B9: Arcadia | C9: Imperial | D9: Alchemist | E9: =IF(ISBLANK(rng_characters[[#This Row],[name]]),"MISSING","OK") -> OK | F9: =IF(COUNTIF($A$2:$A$61,A9)>1,"DUPLICATE","OK") -> OK
A10: 9 | B10: Nazeem | C10: Redguard | D10: Civilian | E10: =IF(ISBLANK(rng_characters[[#This Row],[name]]),"MISSING","OK") -> OK | F10: =IF(COUNTIF($A$2:$A$61,A10)>1,"DUPLICATE","OK") -> OK
A11: 10 | B11: Uthgerd the Unbroken | C11: Nord | D11: Mercenary | E11: =IF(ISBLANK(rng_characters[[#This Row],[name]]),"MISSING","OK") -> OK | F11: =IF(COUNTIF($A$2:$A$61,A11)>1,"DUPLICATE","OK") -> OK
A12: 11 | B12: Sadia | C12: Redguard | D12: Worker | E12: =IF(ISBLANK(rng_characters[[#This Row],[name]]),"MISSING","OK") -> OK | F12: =IF(COUNTIF($A$2:$A$61,A12)>1,"DUPLICATE","OK") -> OK
A13: 12 | B13: Amren | C13: Redguard | D13: Guard | E13: =IF(ISBLANK(rng_characters[[#This Row],[name]]),"MISSING","OK") -> OK | F13: =IF(COUNTIF($A$2:$A$61,A13)>1,"DUPLICATE","OK") -> OK
... A61: 60 | B61: Njada Stonearm | C61: Nord | D61: Companions | E61: =IF(ISBLANK(rng_characters[[#This Row],[name]]),"MISSING","OK") -> OK | F61: =IF(COUNTIF($A$2:$A$61,A61)>1,"DUPLICATE","OK") -> OK

Sheet products
A1: product_id | B1: name | C1: category_id | D1: price | E1: product_id_check | F1: price_check
A2: 1 | B2: Iron Sword | C2: 1 | D2: 25 | E2: =IF(COUNTIF($A$2:$A$81, A2)>1,"DUPLICATE","OK") -> OK | F2: =IF(ISBLANK(rng_products[[#This Row],[price]]),"MISSING","OK") -> OK
A3: 2 | B3: Steel Sword | C3: 1 | D3: 45 | E3: =IF(COUNTIF($A$2:$A$81, A3)>1,"DUPLICATE","OK") -> OK | F3: =IF(ISBLANK(rng_products[[#This Row],[price]]),"MISSING","OK") -> OK
A4: 3 | B4: Elven Bow | C4: 1 | D4: 180 | E4: =IF(COUNTIF($A$2:$A$81, A4)>1,"DUPLICATE","OK") -> OK | F4: =IF(ISBLANK(rng_products[[#This Row],[price]]),"MISSING","OK") -> OK
A5: 4 | B5: Dwarven War Axe | C5: 1 | D5: 150 | E5: =IF(COUNTIF($A$2:$A$81, A5)>1,"DUPLICATE","OK") -> OK | F5: =IF(ISBLANK(rng_products[[#This Row],[price]]),"MISSING","OK") -> OK
A6: 5 | B6: Iron Armor | C6: 2 | D6: 90 | E6: =IF(COUNTIF($A$2:$A$81, A6)>1,"DUPLICATE","OK") -> OK | F6: =IF(ISBLANK(rng_products[[#This Row],[price]]),"MISSING","OK") -> OK
A7: 6 | B7: Steel Armor | C7: 2 | D7: 160 | E7: =IF(COUNTIF($A$2:$A$81, A7)>1,"DUPLICATE","OK") -> OK | F7: =IF(ISBLANK(rng_products[[#This Row],[price]]),"MISSING","OK") -> OK
A8: 7 | B8: Elven Armor | C8: 2 | D8: 250 | E8: =IF(COUNTIF($A$2:$A$81, A8)>1,"DUPLICATE","OK") -> OK | F8: =IF(ISBLANK(rng_products[[#This Row],[price]]),"MISSING","OK") -> OK
A9: 8 | B9: Leather Helmet | C9: 2 | D9: 40 | E9: =IF(COUNTIF($A$2:$A$81, A9)>1,"DUPLICATE","OK") -> OK | F9: =IF(ISBLANK(rng_products[[#This Row],[price]]),"MISSING","OK") -> OK
A10: 9 | B10: Health Potion | C10: 3 | D10: 35 | E10: =IF(COUNTIF($A$2:$A$81, A10)>1,"DUPLICATE","OK") -> OK | F10: =IF(ISBLANK(rng_products[[#This Row],[price]]),"MISSING","OK") -> OK
A11: 10 | B11: Stamina Potion | C11: 3 | D11: 30 | E11: =IF(COUNTIF($A$2:$A$81, A11)>1,"DUPLICATE","OK") -> OK | F11: =IF(ISBLANK(rng_products[[#This Row],[price]]),"MISSING","OK") -> OK
A12: 11 | B12: Magicka Potion | C12: 3 | D12: 40 | E12: =IF(COUNTIF($A$2:$A$81, A12)>1,"DUPLICATE","OK") -> OK | F12: =IF(ISBLANK(rng_products[[#This Row],[price]]),"MISSING","OK") -> OK
A13: 12 | B13: Giant's Toe | C13: 4 | D13: 20 | E13: =IF(COUNTIF($A$2:$A$81, A13)>1,"DUPLICATE","OK") -> OK | F13: =IF(ISBLANK(rng_products[[#This Row],[price]]),"MISSING","OK") -> OK
... A81: 80 | B81: Bow String | C81: 8 | D81: 2.5 | E81: =IF(COUNTIF($A$2:$A$81, A81)>1,"DUPLICATE","OK") -> OK | F81: =IF(ISBLANK(rng_products[[#This Row],[price]]),"MISSING","OK") -> OK

Sheet transactions
A1: transaction_id | B1: character_id | C1: vendor_id | D1: tx_date | E1: date_check | F1: look_up_transaction_client | G1: look_up_race | H1: transaction_total
A2: 1 | B2: 1 | C2: 1 | D2: 45293 | E2: =IF(ISBLANK(D2),"MISSING","OK") -> OK | F2: =VLOOKUP(B2,characters!$A$2:$D$61,2,0) -> Aela the Huntress | G2: =VLOOKUP(B2,characters!$A$2:$D$61,3,0) -> Nord | H2: =SUMIF(tx_items!$B:$B,A2,tx_items!$J:$J) -> 190
A3: 2 | B3: 4 | C3: 1 | D3: 45293 | E3: =IF(ISBLANK(D3),"MISSING","OK") -> OK | F3: =VLOOKUP(B3,characters!$A$2:$D$61,2,0) -> Bogdan | G3: =VLOOKUP(B3,characters!$A$2:$D$61,3,0) -> Imperial | H3: =SUMIF(tx_items!$B:$B,A3,tx_items!$J:$J) -> 500
A4: 3 | B4: 10 | C4: 1 | D4: 45294 | E4: =IF(ISBLANK(D4),"MISSING","OK") -> OK | F4: =VLOOKUP(B4,characters!$A$2:$D$61,2,0) -> Uthgerd the Unbroken | G4: =VLOOKUP(B4,characters!$A$2:$D$61,3,0) -> Nord | H4: =SUMIF(tx_items!$B:$B,A4,tx_items!$J:$J) -> 180
A5: 4 | B5: 15 | C5: 1 | D5: 45295 | E5: =IF(ISBLANK(D5),"MISSING","OK") -> OK | F5: =VLOOKUP(B5,characters!$A$2:$D$61,2,0) -> Eorlund Gray-Mane | G5: =VLOOKUP(B5,characters!$A$2:$D$61,3,0) -> Nord | H5: =SUMIF(tx_items!$B:$B,A5,tx_items!$J:$J) -> 115
A6: 5 | B6: 19 | C6: 1 | D6: 45296 | E6: =IF(ISBLANK(D6),"MISSING","OK") -> OK | F6: =VLOOKUP(B6,characters!$A$2:$D$61,2,0) -> Delphine | G6: =VLOOKUP(B6,characters!$A$2:$D$61,3,0) -> Nord | H6: =SUMIF(tx_items!$B:$B,A6,tx_items!$J:$J) -> 250
A7: 6 | B7: 22 | C7: 1 | D7: 45297 | E7: =IF(ISBLANK(D7),"MISSING","OK") -> OK | F7: =VLOOKUP(B7,characters!$A$2:$D$61,2,0) -> Karliah | G7: =VLOOKUP(B7,characters!$A$2:$D$61,3,0) -> Dunmer | H7: =SUMIF(tx_items!$B:$B,A7,tx_items!$J:$J) -> 260
A8: 7 | B8: 30 | C8: 1 | D8: 45298 | E8: =IF(ISBLANK(D8),"MISSING","OK") -> OK | F8: =VLOOKUP(B8,characters!$A$2:$D$61,2,0) -> Proventus Avenicci | G8: =VLOOKUP(B8,characters!$A$2:$D$61,3,0) -> Imperial | H8: =SUMIF(tx_items!$B:$B,A8,tx_items!$J:$J) -> 910
A9: 8 | B9: 35 | C9: 1 | D9: 45299 | E9: =IF(ISBLANK(D9),"MISSING","OK") -> OK | F9: =VLOOKUP(B9,characters!$A$2:$D$61,2,0) -> Ralof | G9: =VLOOKUP(B9,characters!$A$2:$D$61,3,0) -> Nord | H9: =SUMIF(tx_items!$B:$B,A9,tx_items!$J:$J) -> 410
A10: 9 | B10: 40 | C10: 1 | D10: 45300 | E10: =IF(ISBLANK(D10),"MISSING","OK") -> OK | F10: =VLOOKUP(B10,characters!$A$2:$D$61,2,0) -> Jordis the Sword-Maiden | G10: =VLOOKUP(B10,characters!$A$2:$D$61,3,0) -> Nord | H10: =SUMIF(tx_items!$B:$B,A10,tx_items!$J:$J) -> 390
A11: 10 | B11: 50 | C11: 1 | D11: 45301 | E11: =IF(ISBLANK(D11),"MISSING","OK") -> OK | F11: =VLOOKUP(B11,characters!$A$2:$D$61,2,0) -> Senna | G11: =VLOOKUP(B11,characters!$A$2:$D$61,3,0) -> Imperial | H11: =SUMIF(tx_items!$B:$B,A11,tx_items!$J:$J) -> 620
A12: 11 | B12: 2 | C12: 1 | D12: 45302 | E12: =IF(ISBLANK(D12),"MISSING","OK") -> OK | F12: =VLOOKUP(B12,characters!$A$2:$D$61,2,0) -> Farkas | G12: =VLOOKUP(B12,characters!$A$2:$D$61,3,0) -> Nord | H12: =SUMIF(tx_items!$B:$B,A12,tx_items!$J:$J) -> 50
A13: 12 | B13: 3 | C13: 1 | D13: 45303 | E13: =IF(ISBLANK(D13),"MISSING","OK") -> OK | F13: =VLOOKUP(B13,characters!$A$2:$D$61,2,0) -> Vilkas | G13: =VLOOKUP(B13,characters!$A$2:$D$61,3,0) -> Nord | H13: =SUMIF(tx_items!$B:$B,A13,tx_items!$J:$J) -> 68
... A91: 90 | B91: 30 | C91: 1 | D91: 45381 | E91: =IF(ISBLANK(D91),"MISSING","OK") -> OK | F91: =VLOOKUP(B91,characters!$A$2:$D$61,2,0) -> Proventus Avenicci | G91: =VLOOKUP(B91,characters!$A$2:$D$61,3,0) -> Imperial | H91: =SUMIF(tx_items!$B:$B,A91,tx_items!$J:$J) -> 120

Sheet tx_items
A1: tx_item_id | B1: transaction_id | C1: product_id | D1: quantity | E1: product_fk_check | F1: Look_up_ceny | G1: look_up_nazwy_produktu | H1: look_up_product_category | I1: category_name | J1: line_value | K1: transaction_total
A2: 1 | B2: 1 | C2: 1 | D2: 1 | E2: =IF(COUNTIF(products!$A$2:$A$81,C2)=0,"BRAK","OK") -> OK | F2: =VLOOKUP(C2,products!$A$2:$D$81,4,0) -> 25 | G2: =VLOOKUP(C2,products!$A$2:$D$81,2,0) -> Iron Sword | H2: =VLOOKUP(C2,products!$A$2:$D$81,3,0) -> 1 | I2: =VLOOKUP(H2,categories!$A$2:$B$11,2,0) -> Weapons | J2: =D2*F2 -> 25 | K2: =SUMIF($B:$B,$B2,$J:$J) -> 190
A3: 2 | B3: 1 | C3: 9 | D3: 2 | E3: =IF(COUNTIF(products!$A$2:$A$81,C2)=0,"BRAK","OK") -> OK | F3: =VLOOKUP(C3,products!$A$2:$D$81,4,0) -> 35 | G3: =VLOOKUP(C3,products!$A$2:$D$81,2,0) -> Health Potion | H3: =VLOOKUP(C3,products!$A$2:$D$81,3,0) -> 3 | I3: =VLOOKUP(H3,categories!$A$2:$B$11,2,0) -> Potions | J3: =D3*F3 -> 70 | K3: =SUMIF($B:$B,$B3,$J:$J) -> 190
A4: 3 | B4: 2 | C4: 3 | D4: 1 | E4: =IF(COUNTIF(products!$A$2:$A$81,C2)=0,"BRAK","OK") -> OK | F4: =VLOOKUP(C4,products!$A$2:$D$81,4,0) -> 180 | G4: =VLOOKUP(C4,products!$A$2:$D$81,2,0) -> Elven Bow | H4: =VLOOKUP(C4,products!$A$2:$D$81,3,0) -> 1 | I4: =VLOOKUP(H4,categories!$A$2:$B$11,2,0) -> Weapons | J4: =D4*F4 -> 180 | K4: =SUMIF($B:$B,$B4,$J:$J) -> 500
A5: 4 | B5: 3 | C5: 12 | D5: 1 | E5: =IF(COUNTIF(products!$A$2:$A$81,C3)=0,"BRAK","OK") -> OK | F5: =VLOOKUP(C5,products!$A$2:$D$81,4,0) -> 20 | G5: =VLOOKUP(C5,products!$A$2:$D$81,2,0) -> Giant's Toe | H5: =VLOOKUP(C5,products!$A$2:$D$81,3,0) -> 4 | I5: =VLOOKUP(H5,categories!$A$2:$B$11,2,0) -> Ingredients | J5: =D5*F5 -> 20 | K5: =SUMIF($B:$B,$B5,$J:$J) -> 180
A6: 5 | B6: 3 | C6: 10 | D6: 1 | E6: =IF(COUNTIF(products!$A$2:$A$81,C4)=0,"BRAK","OK") -> OK | F6: =VLOOKUP(C6,products!$A$2:$D$81,4,0) -> 30 | G6: =VLOOKUP(C6,products!$A$2:$D$81,2,0) -> Stamina Potion | H6: =VLOOKUP(C6,products!$A$2:$D$81,3,0) -> 3 | I6: =VLOOKUP(H6,categories!$A$2:$B$11,2,0) -> Potions | J6: =D6*F6 -> 30 | K6: =SUMIF($B:$B,$B6,$J:$J) -> 180
A7: 6 | B7: 4 | C7: 18 | D7: 3 | E7: =IF(COUNTIF(products!$A$2:$A$81,C5)=0,"BRAK","OK") -> OK | F7: =VLOOKUP(C7,products!$A$2:$D$81,4,0) -> 10 | G7: =VLOOKUP(C7,products!$A$2:$D$81,2,0) -> Apple Pie | H7: =VLOOKUP(C7,products!$A$2:$D$81,3,0) -> 7 | I7: =VLOOKUP(H7,categories!$A$2:$B$11,2,0) -> Food | J7: =D7*F7 -> 30 | K7: =SUMIF($B:$B,$B7,$J:$J) -> 115
A8: 7 | B8: 5 | C8: 2 | D8: 1 | E8: =IF(COUNTIF(products!$A$2:$A$81,C6)=0,"BRAK","OK") -> OK | F8: =VLOOKUP(C8,products!$A$2:$D$81,4,0) -> 45 | G8: =VLOOKUP(C8,products!$A$2:$D$81,2,0) -> Steel Sword | H8: =VLOOKUP(C8,products!$A$2:$D$81,3,0) -> 1 | I8: =VLOOKUP(H8,categories!$A$2:$B$11,2,0) -> Weapons | J8: =D8*F8 -> 45 | K8: =SUMIF($B:$B,$B8,$J:$J) -> 250
A9: 8 | B9: 5 | C9: 21 | D9: 1 | E9: =IF(COUNTIF(products!$A$2:$A$81,C7)=0,"BRAK","OK") -> OK | F9: =VLOOKUP(C9,products!$A$2:$D$81,4,0) -> 75 | G9: =VLOOKUP(C9,products!$A$2:$D$81,2,0) -> Soul Gem (Common) | H9: =VLOOKUP(C9,products!$A$2:$D$81,3,0) -> 8 | I9: =VLOOKUP(H9,categories!$A$2:$B$11,2,0) -> Misc | J9: =D9*F9 -> 75 | K9: =SUMIF($B:$B,$B9,$J:$J) -> 250
A10: 9 | B10: 6 | C10: 16 | D10: 1 | E10: =IF(COUNTIF(products!$A$2:$A$81,C8)=0,"BRAK","OK") -> OK | F10: =VLOOKUP(C10,products!$A$2:$D$81,4,0) -> 100 | G10: =VLOOKUP(C10,products!$A$2:$D$81,2,0) -> Spell Tome: Firebolt | H10: =VLOOKUP(C10,products!$A$2:$D$81,3,0) -> 6 | I10: =VLOOKUP(H10,categories!$A$2:$B$11,2,0) -> Scrolls | J10: =D10*F10 -> 100 | K10: =SUMIF($B:$B,$B10,$J:$J) -> 260
A11: 10 | B11: 7 | C11: 7 | D11: 1 | E11: =IF(COUNTIF(products!$A$2:$A$81,C9)=0,"BRAK","OK") -> OK | F11: =VLOOKUP(C11,products!$A$2:$D$81,4,0) -> 250 | G11: =VLOOKUP(C11,products!$A$2:$D$81,2,0) -> Elven Armor | H11: =VLOOKUP(C11,products!$A$2:$D$81,3,0) -> 2 | I11: =VLOOKUP(H11,categories!$A$2:$B$11,2,0) -> Armor | J11: =D11*F11 -> 250 | K11: =SUMIF($B:$B,$B11,$J:$J) -> 910
A12: 11 | B12: 7 | C12: 14 | D12: 2 | E12: =IF(COUNTIF(products!$A$2:$A$81,C10)=0,"BRAK","OK") -> OK | F12: =VLOOKUP(C12,products!$A$2:$D$81,4,0) -> 60 | G12: =VLOOKUP(C12,products!$A$2:$D$81,2,0) -> Fire Salts | H12: =VLOOKUP(C12,products!$A$2:$D$81,3,0) -> 4 | I12: =VLOOKUP(H12,categories!$A$2:$B$11,2,0) -> Ingredients | J12: =D12*F12 -> 120 | K12: =SUMIF($B:$B,$B12,$J:$J) -> 910
A13: 12 | B13: 8 | C13: 4 | D13: 1 | E13: =IF(COUNTIF(products!$A$2:$A$81,C11)=0,"BRAK","OK") -> OK | F13: =VLOOKUP(C13,products!$A$2:$D$81,4,0) -> 150 | G13: =VLOOKUP(C13,products!$A$2:$D$81,2,0) -> Dwarven War Axe | H13: =VLOOKUP(C13,products!$A$2:$D$81,3,0) -> 1 | I13: =VLOOKUP(H13,categories!$A$2:$B$11,2,0) -> Weapons | J13: =D13*F13 -> 150 | K13: =SUMIF($B:$B,$B13,$J:$J) -> 410
A14: 13 | B14: 9 | C14: 30 | D14: 1 | E14: =IF(COUNTIF(products!$A$2:$A$81,C12)=0,"BRAK","OK") -> OK | F14: =VLOOKUP(C14,products!$A$2:$D$81,4,0) -> 10 | G14: =VLOOKUP(C14,products!$A$2:$D$81,2,0) -> Iron Dagger | H14: =VLOOKUP(C14,products!$A$2:$D$81,3,0) -> 1 | I14: =VLOOKUP(H14,categories!$A$2:$B$11,2,0) -> Weapons | J14: =D14*F14 -> 10 | K14: =SUMIF($B:$B,$B14,$J:$J) -> 390
A15: 14 | B15: 10 | C15: 25 | D15: 1 | E15: =IF(COUNTIF(products!$A$2:$A$81,C13)=0,"BRAK","OK") -> OK | F15: =VLOOKUP(C15,products!$A$2:$D$81,4,0) -> 20 | G15: =VLOOKUP(C15,products!$A$2:$D$81,2,0) -> Woodcutter's Axe | H15: =VLOOKUP(C15,products!$A$2:$D$81,3,0) -> 10 | I15: =VLOOKUP(H15,categories!$A$2:$B$11,2,0) -> Tools | J15: =D15*F15 -> 20 | K15: =SUMIF($B:$B,$B15,$J:$J) -> 620
... A151: 150 | B151: 56 | C151: 16 | D151: 1 | E151: =IF(COUNTIF(products!$A$2:$A$81,C149)=0,"BRAK","OK") -> OK | F151: =VLOOKUP(C151,products!$A$2:$D$81,4,0) -> 100 | G151: =VLOOKUP(C151,products!$A$2:$D$81,2,0) -> Spell Tome: Firebolt | H151: =VLOOKUP(C151,products!$A$2:$D$81,3,0) -> 6 | I151: =VLOOKUP(H151,categories!$A$2:$B$11,2,0) -> Scrolls | J151: =D151*F151 -> 100 | K151: =SUMIF($B:$B,$B151,$J:$J) -> 450

Sheet vendors
A1: vendor_id | B1: name | C1: location
A2: 1 | B2: Belethor | C2: Whiterun

Sheet analysis
A1: tx_date | B1: daily_revenue | D1: product_name | E1: product_revenue | G1: category_name | H1: category_revenue | J1: character_name | K1: customer_revenue | M1: KPI | N1: Value
A2: 45293 | B2: =SUMIF(transactions!$D:$D,A2,transactions!$H:$H) -> 690 | D2: Iron Sword | E2: =SUMIF(tx_items!$G:$G,D2,tx_items!$J:$J) -> 100 | G2: Armor | H2: =SUMIF(tx_items!$I:$I,G2,tx_items!$J:$J) -> 3050 | J2: Aela the Huntress | K2: =SUMIF(transactions!$F:$F,J2,transactions!$H:$H) -> 235 | M2: average basket value | N2: =AVERAGE(transactions!$H:$H) -> 196.15556
A3: 45293 | B3: =SUMIF(transactions!$D:$D,A3,transactions!$H:$H) -> 690 | D3: Steel Sword | E3: =SUMIF(tx_items!$G:$G,D3,tx_items!$J:$J) -> 135 | G3: Books | H3: =SUMIF(tx_items!$I:$I,G3,tx_items!$J:$J) -> 15 | J3: Bogdan | K3: =SUMIF(transactions!$F:$F,J3,transactions!$H:$H) -> 550
A4: 45294 | B4: =SUMIF(transactions!$D:$D,A4,transactions!$H:$H) -> 180 | D4: Elven Bow | E4: =SUMIF(tx_items!$G:$G,D4,tx_items!$J:$J) -> 540 | G4: Food | H4: =SUMIF(tx_items!$I:$I,G4,tx_items!$J:$J) -> 317 | J4: Uthgerd the Unbroken | K4: =SUMIF(transactions!$F:$F,J4,transactions!$H:$H) -> 225
A5: 45295 | B5: =SUMIF(transactions!$D:$D,A5,transactions!$H:$H) -> 115 | D5: Dwarven War Axe | E5: =SUMIF(tx_items!$G:$G,D5,tx_items!$J:$J) -> 450 | G5: Ingredients | H5: =SUMIF(tx_items!$I:$I,G5,tx_items!$J:$J) -> 486 | J5: Eorlund Gray-Mane | K5: =SUMIF(transactions!$F:$F,J5,transactions!$H:$H) -> 265
A6: 45296 | B6: =SUMIF(transactions!$D:$D,A6,transactions!$H:$H) -> 250 | D6: Iron Armor | E6: =SUMIF(tx_items!$G:$G,D6,tx_items!$J:$J) -> 90 | G6: Jewelry | H6: =SUMIF(tx_items!$I:$I,G6,tx_items!$J:$J) -> 4160 | J6: Delphine | K6: =SUMIF(transactions!$F:$F,J6,transactions!$H:$H) -> 253
A7: 45297 | B7: =SUMIF(transactions!$D:$D,A7,transactions!$H:$H) -> 260 | D7: Steel Armor | E7: =SUMIF(tx_items!$G:$G,D7,tx_items!$J:$J) -> 160 | G7: Misc | H7: =SUMIF(tx_items!$I:$I,G7,tx_items!$J:$J) -> 261 | J7: Karliah | K7: =SUMIF(transactions!$F:$F,J7,transactions!$H:$H) -> 510
A8: 45298 | B8: =SUMIF(transactions!$D:$D,A8,transactions!$H:$H) -> 910 | D8: Elven Armor | E8: =SUMIF(tx_items!$G:$G,D8,tx_items!$J:$J) -> 750 | G8: Potions | H8: =SUMIF(tx_items!$I:$I,G8,tx_items!$J:$J) -> 2350 | J8: Proventus Avenicci | K8: =SUMIF(transactions!$F:$F,J8,transactions!$H:$H) -> 1030
A9: 45299 | B9: =SUMIF(transactions!$D:$D,A9,transactions!$H:$H) -> 410 | D9: Leather Helmet | E9: =SUMIF(tx_items!$G:$G,D9,tx_items!$J:$J) -> 40 | G9: Scrolls | H9: =SUMIF(tx_items!$I:$I,G9,tx_items!$J:$J) -> 840 | J9: Ralof | K9: =SUMIF(transactions!$F:$F,J9,transactions!$H:$H) -> 410
A10: 45300 | B10: =SUMIF(transactions!$D:$D,A10,transactions!$H:$H) -> 390 | D10: Health Potion | E10: =SUMIF(tx_items!$G:$G,D10,tx_items!$J:$J) -> 140 | G10: Tools | H10: =SUMIF(tx_items!$I:$I,G10,tx_items!$J:$J) -> 130 | J10: Jordis the Sword-Maiden | K10: =SUMIF(transactions!$F:$F,J10,transactions!$H:$H) -> 390
A11: 45301 | B11: =SUMIF(transactions!$D:$D,A11,transactions!$H:$H) -> 620 | D11: Stamina Potion | E11: =SUMIF(tx_items!$G:$G,D11,tx_items!$J:$J) -> 120 | G11: Weapons | H11: =SUMIF(tx_items!$I:$I,G11,tx_items!$J:$J) -> 6045 | J11: Senna | K11: =SUMIF(transactions!$F:$F,J11,transactions!$H:$H) -> 620
A12: 45302 | B12: =SUMIF(transactions!$D:$D,A12,transactions!$H:$H) -> 50 | D12: Magicka Potion | E12: =SUMIF(tx_items!$G:$G,D12,tx_items!$J:$J) -> 40 | J12: Farkas | K12: =SUMIF(transactions!$F:$F,J12,transactions!$H:$H) -> 70
A13: 45303 | B13: =SUMIF(transactions!$D:$D,A13,transactions!$H:$H) -> 68 | D13: Giant's Toe | E13: =SUMIF(tx_items!$G:$G,D13,tx_items!$J:$J) -> 60 | J13: Vilkas | K13: =SUMIF(transactions!$F:$F,J13,transactions!$H:$H) -> 70.5
A14: 45304 | B14: =SUMIF(transactions!$D:$D,A14,transactions!$H:$H) -> 345 | D14: Frost Salts | E14: =SUMIF(tx_items!$G:$G,D14,tx_items!$J:$J) -> 60 | J14: Farengar | K14: =SUMIF(transactions!$F:$F,J14,transactions!$H:$H) -> 380
A15: 45305 | B15: =SUMIF(transactions!$D:$D,A15,transactions!$H:$H) -> 235 | D15: Fire Salts | E15: =SUMIF(tx_items!$G:$G,D15,tx_items!$J:$J) -> 300 | J15: Adrianne Avenicci | K15: =SUMIF(transactions!$F:$F,J15,transactions!$H:$H) -> 415
A16: 45306 | B16: =SUMIF(transactions!$D:$D,A16,transactions!$H:$H) -> 340 | D16: Potion Recipe: Healing | E16: =SUMIF(tx_items!$G:$G,D16,tx_items!$J:$J) -> 15 | J16: Olava the Feeble | K16: =SUMIF(transactions!$F:$F,J16,transactions!$H:$H) -> 360
A17: 45307 | B17: =SUMIF(transactions!$D:$D,A17,transactions!$H:$H) -> 152 | D17: Spell Tome: Firebolt | E17: =SUMIF(tx_items!$G:$G,D17,tx_items!$J:$J) -> 300 | J17: Arcadia | K17: =SUMIF(transactions!$F:$F,J17,transactions!$H:$H) -> 212
A18: 45308 | B18: =SUMIF(transactions!$D:$D,A18,transactions!$H:$H) -> 35 | D18: Spell Tome: Healing | E18: =SUMIF(tx_items!$G:$G,D18,tx_items!$J:$J) -> 0 | J18: Nazeem | K18: =SUMIF(transactions!$F:$F,J18,transactions!$H:$H) -> 45
A19: 45309 | B19: =SUMIF(transactions!$D:$D,A19,transactions!$H:$H) -> 22 | D19: Apple Pie | E19: =SUMIF(tx_items!$G:$G,D19,tx_items!$J:$J) -> 40 | J19: Sadia | K19: =SUMIF(transactions!$F:$F,J19,transactions!$H:$H) -> 97
A20: 45310 | B20: =SUMIF(transactions!$D:$D,A20,transactions!$H:$H) -> 81 | D20: Salt Pile | E20: =SUMIF(tx_items!$G:$G,D20,tx_items!$J:$J) -> 0 | J20: Amren | K20: =SUMIF(transactions!$F:$F,J20,transactions!$H:$H) -> 181
A21: 45311 | B21: =SUMIF(transactions!$D:$D,A21,transactions!$H:$H) -> 78 | D21: Soul Gem (Petty) | E21: =SUMIF(tx_items!$G:$G,D21,tx_items!$J:$J) -> 0 | J21: Idolaf Battle-Born | K21: =SUMIF(transactions!$F:$F,J21,transactions!$H:$H) -> 328
A22: 45312 | B22: =SUMIF(transactions!$D:$D,A22,transactions!$H:$H) -> 88 | D22: Soul Gem (Common) | E22: =SUMIF(tx_items!$G:$G,D22,tx_items!$J:$J) -> 150 | J22: Jon Battle-Born | K22: =SUMIF(transactions!$F:$F,J22,transactions!$H:$H) -> 208
A23: 45313 | B23: =SUMIF(transactions!$D:$D,A23,transactions!$H:$H) -> 165 | D23: Silver Ring | E23: =SUMIF(tx_items!$G:$G,D23,tx_items!$J:$J) -> 0 | J23: Athis | K23: =SUMIF(transactions!$F:$F,J23,transactions!$H:$H) -> 175
... A81: 45371 | B81: =SUMIF(transactions!$D:$D,A81,transactions!$H:$H) -> 250 | D81: Bow String | E81: =SUMIF(tx_items!$G:$G,D81,tx_items!$J:$J) -> 5 | J81: Esbern | K81: =SUMIF(transactions!$F:$F,J81,transactions!$H:$H) -> 582
A82: 45372 | B82: =SUMIF(transactions!$D:$D,A82,transactions!$H:$H) -> 55 | J82: Brynjolf | K82: =SUMIF(transactions!$F:$F,J82,transactions!$H:$H) -> 190
A83: 45373 | B83: =SUMIF(transactions!$D:$D,A83,transactions!$H:$H) -> 250 | J83: Karliah | K83: =SUMIF(transactions!$F:$F,J83,transactions!$H:$H) -> 510
A84: 45374 | B84: =SUMIF(transactions!$D:$D,A84,transactions!$H:$H) -> 12 | J84: Mercer Frey | K84: =SUMIF(transactions!$F:$F,J84,transactions!$H:$H) -> 107
A85: 45375 | B85: =SUMIF(transactions!$D:$D,A85,transactions!$H:$H) -> 15 | J85: Astrid | K85: =SUMIF(transactions!$F:$F,J85,transactions!$H:$H) -> 170
A86: 45376 | B86: =SUMIF(transactions!$D:$D,A86,transactions!$H:$H) -> 18 | J86: Cicero | K86: =SUMIF(transactions!$F:$F,J86,transactions!$H:$H) -> 628
A87: 45377 | B87: =SUMIF(transactions!$D:$D,A87,transactions!$H:$H) -> 75 | J87: Babette | K87: =SUMIF(transactions!$F:$F,J87,transactions!$H:$H) -> 1115
A88: 45378 | B88: =SUMIF(transactions!$D:$D,A88,transactions!$H:$H) -> 70 | J88: Marcurio | K88: =SUMIF(transactions!$F:$F,J88,transactions!$H:$H) -> 980
A89: 45379 | B89: =SUMIF(transactions!$D:$D,A89,transactions!$H:$H) -> 80 | J89: Balgruuf the Greater | K89: =SUMIF(transactions!$F:$F,J89,transactions!$H:$H) -> 910
A90: 45380 | B90: =SUMIF(transactions!$D:$D,A90,transactions!$H:$H) -> 150 | J90: Irileth | K90: =SUMIF(transactions!$F:$F,J90,transactions!$H:$H) -> 1100
A91: 45381 | B91: =SUMIF(transactions!$D:$D,A91,transactions!$H:$H) -> 120 | J91: Proventus Avenicci | K91: =SUMIF(transactions!$F:$F,J91,transactions!$H:$H) -> 1030

Sheet pivot_transactions_per_day
A1: tx_date | B1: Liczba - transaction_id
A2: 45293 | B2: 2
A3: 45294 | B3: 1
A4: 45295 | B4: 1
A5: 45296 | B5: 1
A6: 45297 | B6: 1
A7: 45298 | B7: 1
A8: 45299 | B8: 1
A9: 45300 | B9: 1
A10: 45301 | B10: 1
A11: 45302 | B11: 1
A12: 45303 | B12: 1
A13: 45304 | B13: 1
... A90: 45381 | B90: 1
A91: Razem Wynik | B91: 90

Sheet pivot_revenue_per_day
A1: tx_date | B1: Suma - transaction_total
A2: 45293 | B2: 690
A3: 45294 | B3: 180
A4: 45295 | B4: 115
A5: 45296 | B5: 250
A6: 45297 | B6: 260
A7: 45298 | B7: 910
A8: 45299 | B8: 410
A9: 45300 | B9: 390
A10: 45301 | B10: 620
A11: 45302 | B11: 50
A12: 45303 | B12: 68
A13: 45304 | B13: 345
... A90: 45381 | B90: 120
A91: Razem Wynik | B91: 17654

Sheet pivot_top_products
A1: look_up_nazwy_produktu | B1: Suma - line_value
A2: Apple Pie | B2: 40
A3: Beef Stew | B3: 24
A4: Bottle of Black-Briar Mead | B4: 50
A5: Bottle of Honningbrew Mead | B5: 30
A6: Bow String | B6: 5
A7: Charred Skeever Meat | B7: 10
A8: Cooked Beef | B8: 16
A9: Corundum Ingot | B9: 50
A10: Daedric Bow | B10: 1200
A11: Daedric Mace | B11: 1080
A12: Dwarven Shield | B12: 260
A13: Dwarven War Axe | B13: 450
... A75: Razem Wynik | B75: 17654

Sheet pivot_revenue_per_category
A1: category_name | B1: Suma - line_value
A2: Armor | B2: 3050
A3: Books | B3: 15
A4: Food | B4: 317
A5: Ingredients | B5: 486
A6: Jewelry | B6: 4160
A7: Misc | B7: 261
A8: Potions | B8: 2350
A9: Scrolls | B9: 840
A10: Tools | B10: 130
A11: Weapons | B11: 6045
A12: Razem Wynik | B12: 17654

Sheet pivot_top_customer
A1: look_up_transaction_client | B1: Suma - transaction_total
A2: Adrianne Avenicci | B2: 415
A3: Aela the Huntress | B3: 235
A4: Aerin | B4: 450
A5: Alvor | B5: 105
A6: Amren | B6: 181
A7: Arcadia | B7: 212
A8: Astrid | B8: 170
A9: Athis | B9: 175
A10: Babette | B10: 1115
A11: Balgruuf the Greater | B11: 910
A12: Bogdan | B12: 550
A13: Brelyna Maryon | B13: 7.5
... A62: Razem Wynik | B62: 17654

Sheet charts
